number,?question,answer,机器回答通过与否,原因及正确解答,满意度
1,高为33，长为50的平行四边形面积和底为35，高为12的三角形面积，把他们面积相加,"要求平行四边形的面积，我们可以使用公式：面积 = 底 × 高。给定平行四边形的底为50，高为33，所以平行四边形的面积为50 × 33 = 1650。

要求三角形的面积，我们可以使用公式：面积 = 1/2 × 底 × 高。给定三角形的底为35，高为12，所以三角形的面积为1/2 × 35 × 12 = 210。

将平行四边形的面积1650和三角形的面积210相加，得到总面积1650 + 210 = 1860。

所以，平行四边形和三角形的面积之和为1860。",通过,,8
2,长为80，宽为60的长方形面积减去底为60，高为20的三角形面积,"长方形的面积可以通过公式计算：面积 = 长 × 宽。给定长方形的长为80，宽为60，所以长方形的面积为80 × 60 = 4800。

三角形的面积可以通过公式计算：面积 = 1/2 × 底 × 高。给定三角形的底为60，高为20，所以三角形的面积为1/2 × 60 × 20 = 600。

将长方形的面积4800减去三角形的面积600，得到结果4800 - 600 = 4200。

所以，长方形的面积减去三角形的面积为4200。",通过,,8
3,边长30的正方形面积减去边长为13的正方形面积,"边长为30的正方形的面积可以通过公式计算：面积 = 边长 × 边长。给定边长为30，所以正方形的面积为30 × 30 = 900。

边长为13的正方形的面积可以通过公式计算：面积 = 边长 × 边长。给定边长为13，所以正方形的面积为13 × 13 = 169。

将边长为30的正方形的面积900减去边长为13的正方形的面积169，得到结果900 - 169 = 731。

所以，边长为30的正方形的面积减去边长为13的正方形的面积为731",通过,,8
4,高30，上底为40，下底70的梯形面积减长30宽15的长方形面积,"梯形的面积可以通过公式计算：面积 = (上底 + 下底) × 高 / 2。给定梯形的上底为40，下底为70，高为30，所以梯形的面积为 (40 + 70) × 30 / 2 = 2550。

长方形的面积可以通过公式计算：面积 = 长 × 宽。给定长方形的长为30，宽为15，所以长方形的面积为 30 × 15 = 450。

将梯形的面积2550减去长方形的面积450，得到结果2550 - 450 = 2100。

所以，高30，上底为40，下底70的梯形的面积减去长30宽15的长方形的面积为2100。",未通过,梯形面积求错了，梯形面积应该是1650，长方形为450，结果为1200.,0
5,高为12，上底2，下底10的梯形面积减底为3高位4的三角形面积，再减去高为4，上底4，下底6的梯形面积,"梯形的面积 = (上底 + 下底) * 高 / 2
梯形的面积 = (2 + 10) * 12 / 2
梯形的面积 = 12 * 12
梯形的面积 = 144

接下来，计算三角形的面积：
三角形的面积 = 底 * 高 / 2
三角形的面积 = 3 * 4 / 2
三角形的面积 = 12 / 2
三角形的面积 = 6

最后，计算第二个梯形的面积：
第二个梯形的面积 = (上底 + 下底) * 高 / 2
第二个梯形的面积 = (4 + 6) * 4 / 2
第二个梯形的面积 = 10 * 4 / 2
第二个梯形的面积 = 40 / 2
第二个梯形的面积 = 20

将梯形的面积减去三角形的面积，再减去第二个梯形的面积：
结果 = 144 - 6 - 20
结果 = 118",未通过,第一次梯形面积算错了，没有/2，正确答案：72-6-20=46,0
6,长20宽10的长方形面积加高10底20的三角形面积,"首先，计算长方形的面积：
长方形的面积 = 长 * 宽
长方形的面积 = 20 * 10
长方形的面积 = 200

接下来，计算三角形的面积：
三角形的面积 = 底 * 高 / 2
三角形的面积 = 20 * 10 / 2
三角形的面积 = 200 / 2
三角形的面积 = 100

将长方形的面积加上三角形的面积：
结果 = 200 + 100
结果 = 300",通过,,8
7,有一块地近似平行四边形，形状如右图。这块地的面积约是多少平方米?(得数保留整数。)，高为20.1，底为43,"要计算近似平行四边形的面积，需要知道它的底和高。根据您提供的信息，高为20.1，底为43。

近似平行四边形的面积 = 底 * 高

将底和高代入计算公式：
近似平行四边形的面积 = 43 * 20.1

计算结果为：
近似平行四边形的面积 ≈ 864.3 平方米

所以，这块地的面积约为864平方米",通过,,8
8,?求长为4宽为2长方形面积加边长2的正方形面积加长5宽2的长方形面积加高为3 底为2的三角形面积。长为8宽为4的长方形面积,"长方形的面积可以通过长度乘以宽度来计算。首先，计算长为4宽为2的长方形的面积：

长方形的面积 = 长 * 宽
面积 = 4 * 2
面积 = 8

接下来，计算边长为2的正方形的面积：

正方形的面积 = 边长 * 边长
面积 = 2 * 2
面积 = 4

然后，计算长为5宽为2的长方形的面积：

长方形的面积 = 长 * 宽
面积 = 5 * 2
面积 = 10

最后，计算高为3底为2的三角形的面积：

三角形的面积 = 1/2 * 底 * 高
面积 = 1/2 * 2 * 3
面积 = 3

将所有面积相加得到最终结果：

8 + 4 + 10 + 3 = 25

长方形的面积 = 长 * 宽

将长为8，宽为4代入计算公式：

长方形的面积 = 8 * 4
长方形的面积 = 32",通过,,8
9,求长13宽8的长方形面积,"长方形的面积 = 长 * 宽

将长为13，宽为8代入计算公式：

长方形的面积 = 13 * 8
长方形的面积 = 104",通过,,8
10,求长6宽5的长方形面积加长2宽1的长方形面积,"长方形的面积 = 长 * 宽
面积 = 6 * 5
面积 = 30

接下来，计算长为2宽为1的长方形的面积：

长方形的面积 = 长 * 宽
面积 = 2 * 1
面积 = 2

将两个长方形的面积相加得到最终结果：

30 + 2 = 32",通过,,8
11,第一提长18，宽12的长方形面积减2个底为18，高为6的三角形面积，这个结果是绿色面积，三角形分别为红色和黄色面积。第二题在长18，宽12的长方形面积上用红绿黄用其他图型分配面积,"首先，计算长为18，宽为12的长方形的面积：

长方形的面积 = 长 * 宽
面积 = 18 * 12
面积 = 216

接下来，计算底为18，高为6的三角形的面积：

三角形的面积 = 1/2 * 底 * 高
面积 = 1/2 * 18 * 6
面积 = 54

将长方形的面积减去两个三角形的面积得到绿色面积：

绿色面积 = 长方形的面积 - 2 * 三角形的面积
绿色面积 = 216 - 2 * 54
绿色面积 = 216 - 108
绿色面积 = 108

所以，长为18，宽为12的长方形的面积减去两个底为18，高为6的三角形的面积，结果为108，即绿色面积。

对于第二题，我们需要在长为18，宽为12的长方形面积上用红、绿、黄和其他图形来分配面积。具体的分配方式可以根据需要和创意来设计，可以使用不同的形状和颜色来表示不同的面积分配。",未通过,没有对第二题提出问题。答案：我们可以把长方形分成3个等分长方形及长12宽6的3个长方形，每个植物面积都是72。,5
12,长方形面积公式，平行四变形面积公式，三角形面积公式，梯形面积公式,"面积 = 长 * 宽

平行四边形的面积公式：
面积 = 底边长 * 高

三角形的面积公式：
面积 = 1/2 * 底边长 * 高

梯形的面积公式：
面积 = (上底 + 下底) * 高 / 2",通过,,8
13,计算一个长12宽5的长方形左半边上面有一个底为5，高为6的三角形的图型的面积，有几种方法,"方法一：使用三角形的面积公式
三角形的面积 = 1/2 * 底边长 * 高
面积 = 1/2 * 5 * 6
面积 = 15

所以，这个长方形左半边上面的三角形的面积为15。

方法二：使用长方形的面积减去右半边的面积
长方形的面积 = 长 * 宽
面积 = 12 * 5
面积 = 60

右半边的面积 = 长方形的面积 / 2
面积 = 60 / 2
面积 = 30

左半边上面的三角形的面积 = 长方形的面积 - 右半边的面积
面积 = 60 - 30
面积 = 30

所以，这个长方形左半边上面的三角形的面积为30。",未通过,答非所问。答案有3种方法一种把图形切割为长方形和三角形分别计算，还有一种把图形切割成正方形和梯形，最后一种把三角形移到右边再切割为一个平行四变形和一个梯形。,0
